Value;Сompetence;Cases & questions;Positive indicators;Negative indicators;Useful tips
!NB Оценка по культуре не является доп.этапом и проводится в рамках телефонного и/или hr-интервью. Это не скрипт для рекрутера, этот док - подсказка. Рекрутеры могут адаптировать вопросы и кейсы под конкретную позицию, кандидата и ситуацию. Вординг может быть изменен, рекрутеры также могут прибегать к инверсии вопросов и кейса. Рекрутеры могут выбирать необходимые вопросы в зависимости от ситуации (часто достаточно одного, если полученный ответ не удовлетворяет наше понимание по наличию/отсутствию компетенции, мы можем задать несколько). Иногда один вопрос может покрыть несколько компетенций. Для руководящих позиций процесс предполагает отдельные вопросы/кейсы, у них есть специальная отметка.;;;;;
Love: Love what we do;;;;;
;Вовлеченность (любовь к делу);Расскажи про самый любимый проект из твоего опыта?;Рассказывает об одном или нескольких любимых проектах, называет конкретные причины, почему нравилось (научился чему-то новому, проект повлиял на показатели или работу компании, получал удовольствие от того, что из хаоса рождалась система, не было ничего, а стало что-то);"- Не может выделить какие-то конкретные позитивные моменты/проекты// все было ровно и одинаково
- Говорит, что не хватает времени на реализацию каких-то классных проектов";"Если замечаешь позитивный индикатор - спрашивай больше и глубже. задавай больше вопросов, не давай кандидату ""слиться"", уйти от ответа или ответить общими фразами"
;;От чего в своей работе кайфуешь больше всего? (Дальше раскрыть тему через вопросы - Почему? Что именно в этом драйвит, радует?);Человек рассказывает с удовольствием о своей работе, проявляет интерес к тому, о чем он рассказывает (это можно понять по его мимике, тембру голоса, он становится более разговорчивым);"- Не может выделить какие-то конкретные позитивные моменты/проекты// все было ровно и одинаково (так же это можно понять по равнодушному выражению лица, отсутствию интереса)
- Не видит вообще чего-то в работе, что может драйвить
- При беседе понятно, что мотивируют только деньги";
;;Встречались ли тебе люди, которые не любят свою работу и как ты это понимал?;"- Четко может назвать признаки того, как понимает, что человек не любит работу (не интересует результат, не стремится сделать лучше, не получает удовольствие от процесса, хочет просто закончить работу и уйти И так далее)
- Приводит в пример критерии, с которыми мы согласны:
делает только то, что от него требуется
работает до 6 и точка
не развивается в своей работе
не предлагает никаких изменений и тп";"- Считает, что работу не надо любить, а надо делать (может проговаривать это открыто или говорит, что, например, это просто взрослая жизнь - надо работать
- Для человека главное - результат, а не получение удовольствия от работы (мы считаем, что результат - экстремально важно, но любовь тоже нужна)";
;;Где ты поглощаешь информацию для работы? Где ищешь новинки?;"- Называет конкретные источники/имена/подкасты/литературу и тд
- Посещает обучение или встречи по обмену опытом внутри компании или вне компании
- Обменивается опытом с коллегами из других департаментов/компаний";"- Ответ в формате ""я хожу на работу ради работы//у меня ипотека/др обстоятельства, просто нужна работа""
- Учусь в процессе работы эмпирическим путем";
;;Если бы не твоя сегодняшняя профессия, то что бы ты делал?;- Говорит, что не представляет себя в другой профессии, но если и выбирает что-то, то что-то похожее, рядом с тем, что есть сейчас (или профессия, которая требует тех же навыков - например брачное агентство у рекрутера);- Выбирает что-то совсем другое, из другой области;
Love: Appreciate our people;;;;;
;Тимворк;Расскажи пример, как ты кому-то помог в работе выполнить какую-то задачу;Есть пример, описывает конкретную значимую помощь;"- Нет примера (или пример в стиле ""я сказал, что он все делает не так - пусть разбирается)
- ""Я всегда всем помогаю""";
;;"Считаешь ли ты, что хороший лидер должен быть эмпатичным? Почему? Как это проявляется?
Как это помогает/мешает в работе? 

(лидовые роли)";"- Считает эмпатию важной частью работы лидера, может четко ответить на вопрос про проявления
- Может рассказать о балансе бизнес-целей и потребностями людей";"- Не видит связи, не может ответить на вопрос
- Не считает это важной составляющей работы лидера: ""Главное - работать, а не дружить на работе"" (ошибочное представление об эмпатии)";
;;"Приведи пример, когда тебе надо было сообщить команде о сложных изменениях/ заделиверить сложные изменения

(лидовые роли)";"- Заранее готовится
- Думает о том, какие вопросы и возражения могут возникнуть и готовится к тому, что будет отвечать
- Выступает на стороне бизнеса и берет на себя ответственность за решения";"- Говорит, что это не его решение, а решение ""кого-то сверху""
- Токсичный позитив (вместо say it like it is)
- Скатывается в авторитарную позицию и не идет в диалог с командой";
;Дайверсити, работа с разными людьми;ETG - глобальная компания. Как ты относишься к работе в мультинациональной/мультиязычной команде?;"- Говорит с уважением к другим культурам, все люди разные и главное - общая глобальная цель
- Не видит проблемы в том, что все люди разные";"- Считает это проблемой
- Говорит, что нужно локализовывать подразделения (русские с русскими и тп)
- Резко негативно высказывается по теме";Если есть чувство, что он мудак, поковырять, что есть люди с разной верой, ориентацией и тп
Love: Embrace Freedom;;;;;
;Вариативность мышления, нестандартное мышление;Расскажи пример, когда успешно решил какую-то проблему/задачу нетипичным способом;"- Предлагал нетривиальные решение
- Предлагал несколько вариантов решения проблемы
- Нашел уникальный способ решения проблемы";"- ""Не было пространства для креатива на прошлом месте""
- ""Все идеи зарубали на корню""";
;;Что бы вы изменили на текущем месте?;- Приводит примеры высокоуровневых изменений (структура, подход к процессу и тп);"- Скатывается в эмоции, свое недовольство
- Приводит примеры низкоуровневых изменений (чашки, ручки, столовка или проезд)";
;Выбирает стиль менеджмента, давая людям много свободы;"Расскажи, как управлял командой? Как ставил задачи? Как контролировал?
Как давал обратную связь? (лидовые роли)";- Перед тем, как ставить задачу, дает возможность повлиять на нее сотруднику (например, по срокам);"- Супер авторитарный подход
- Микроменеджерит";
;;"На что обращаешь внимание при найме?

(роли senior и выше)";"- Делает акцент на инициативности, проактивности
- Нет страха найма более экспертного человека к себе";- Делает акцент на том, чтобы просто был хороший исполнитель;
Trust: Say it like it is;;;;;
;Говорит как есть ;Расскажи как устроен процесс обмена информацией у тебя в компании? ;"- Приводит примеры процессов обмена инфо схожие с теми как у нас в етг  
- Описывает те же проблемы обмена инфо что были / есть у нас
- Описывает сильно другие процессы, но подсвечивает ""хочу"" / ""лучше бы"" / ""мб в будущем"" будет иначе -> и его идеальна картинка во многом похожа на нашу реальность ";"- Описывает сильно другие процессы / их отсутствие и утверждает что это ок / главное работать а коммуникация не важна и тд
- Скептически настроен к процессам которые есть у нас / к их наличию ";В целом ориентируйся на то какие чувства оставляет кандидат/прозрачная ли выстаривается коммуникация? 
;;Чем руководствуешься когда делишься фидбеком и когда принимаешь его?;"- К обмену ОС относится нейтрально, считает это важной / неотъемлемой частью рабочего процесса ИЛИ к обмену ОС относится крайне положительно/активно делится релевантным фидбеком
- Запрашивает фидбек регулярно ИЛИ же по потребности (на уровне достаточном для обеспечения выского качества результата) 
- При обмене фидбеком ориентируется на конструктивность / дата дривен подход 
- Корректирующий фидбек дает в бережной, но четкой форме, приводя примеры и факты 
- Приводит примеры получения ИЛИ выдачи фидбека схожими с тем как устроено у нас в етг  ";"- К обмену ОС относится крайне негативно: считает что это не обязательно / от этого одни проблемы / это никому не нужно и нужно просто выполнять свою работу  
- К обмену ОС относится неоднозначно: с одной стороны имел опыт обмена фидбека, но с другой делал это только по долгу службы или потому что так было принято 
- На вопрос про фидбек реагирует скептически
- Дисбаланс кнута и пряника: присутствует убежденность / опыт в том, что на постоянной основе положительный фидбек не обязателен в связке с преимущественным корректирующим фидбеком ИЛИ наблюдается отсутствие корректирующего фидбека в пользу положительного  
- Подход к корректирующему фидбеку радикален, не объективен: использует грубые формулировки, не заботясь о чувствах получателя фидбека ИЛИ использует корректирующий фидбек для слива эмоций ИЛИ в аргументации ссылается на свои чувства / эмоции, избегая факты ";"Если есть перекос в сторону ""излишней любви к фидбеку"", то берем на заметку, многовероятно это социально желаемый ответ "
;;"Кейс: вспомни из последнего непредвиденные изменения / плохие новости, которые нужно было отнести команде. 
Вопрос: как рассказал им об этом?  ";"- Донес инфо своевременно 
- Выложил всю аргументацию / подоплеку решения / дата дривен
- Заранее подумал о команде и преподнес с выгодной им стороны, но также не утаил и не выгодных моментов 
- Подсветил что открыты для диалога / можно задавать вопросы";"- Утаивал инфо и это повлекло за собой негативные последствия 
- Преподнес в авторитарной форме / просто спуская инфо вниз 
- Мотивацию решения опустил / не привел аргументы, факты, данные
- Рассказал только о выгодных ИЛИ только о не выгодных моментах 
- Не предоставил пространство для обсуждения / вопросов ";
;;Что нравится на текущей работе? а что бесит? ;"- Честно рассказывает о плюсах и минусах текущей роли / работодателе / проектах
- В деталях рассказал про плюсы, а минусы перечислил номинально, например, с ремаркой про нежелание рассказывать плохое о своем текущем работодателе ";"- сходу рассказал плюсы, но увиливает от вопроса про минусы 
- утверждает совсем нет плюсов ЛИБО нет минусов ";-
;;Как относишься к мату? ;"- Прямо говорит что вполне ок слушать или использовать
- Сам использует мат на собеседовании, но уместно, например, в контексте этого вопроса";"- прямо говорит что неприемлет в рабочей среде 
- говорит что был опыт в предыдущей компании и было не комфортно до той степени, что бесило / отвлекало / задевало 
- чрезмерно / неуместно использует мат на собеседовании";учитываем как именно использовался мат в его предыдущей компании: если там переходили на личности - это не ок и у нас, но если там использовали мат как используют у нас и кандидата это задевало - скорее всего у нас ему тоже будет не комфортно общаться
Trust: Build Transparency;;;;;
;Действует открыто;Кейс: расскажи о недавно реализованном проекте:;-Подробно рассказывает о контексте появления проекта, задачах, целях и приоритетах;- отвечает односложно, не поясняет причинно-следственные связи;
;;Как обычно делились обновлениями по проекту, статусами;-Своевременно доносит информацию о проекте устно/письменно;-не делится обновлениями и промежуточными результатами по проектам или делится только результатами, ;
;;Были ли какие-то проблемы, и как удалось их решить;Открыто говорит о проблемах, ошибках;говорит только о хорошем, замалчивает или отрицает проблемы ;
;;Что влияло на развитие проекта,почему. Все ли поддержали, как убеждали тех, кто против;Аргументирует решения и объеясняет причинно-следственные связи;не вдается в подробности или не отвечает на уточняющие вопросы;
;;Интервьюер рассказывает о задачах, проектах и планах роли, на которую собеседует человека;Задает релевантные вопросы, чтобы получить полное понимание ожиданий и ситуации;Не задает уточняющие вопросы, удовлетворен краткими пояснениями;
;;Если кандидат из иной корпоративной культуры ;У человека в компании было выстроено иначе, не прозрачно, но он хочет перемен и стремится к прозрачности;Было иначе и ему ок;
DO: Be your own CEO;;;;;
;Ответственен за результат, не все равно ;Расскижи о процессе/результате, за который был ответсвенен? В чем заключалась твоя роль?;Может проанализировать свои действия и дать им оценку (почему получилось или нет, что можно было сделать по-другому), почему получился именно такой результат;"Говорит ""мы"", а не ""я"" и не может сказать, что именно делал он. Не может сказать, в чем заключалась именно его роль";в кейсе копать глубже в историю с принятием решения - брал ли на себя, как принимал, что брал во внимание, кто-то помогал?
;;;Повествование идет в контексте: я отвечал за что-то, это нужно было для того-то, получилось так-то, оцениваю вот так;Не получилось, потому что обстоятельства / кто-то из коллег не сделал / не было ресурсов / не было хайринга;
;;"Приведи пример как ты повлиял на процесс/результат вне твоей зоны отвественности? Почему ты принял решение повлиять? 
(лидовые роли)";Может рассказать, как проявил инициативу - то есть что-то было не так и поэтому решил что-то сделать.;Сделал ровно столько, сколько мог или сколько просили (работа ради работы);
;;;Были какие-то экстра результаты за счет того, что готов был взять на себя больше ответственности или проявлял инициативу;"""Это было не в моей зоне ответственности""";
DO: Persevere;;;;;
;Устойчивость к изменениям;Расскажи о последнем/ наиболее ярком изменении, с которым столкнулся на работе? В чем оно заключалось? Что думаешь об этом? ;Есть пример челленджа / неудачи - объясняет, почему так считает и рассказывает как действовал без негатива;Не может привести таких примеров;Гибкость как вариант устойчивости
;"Умеет действовать 
в условиях изменений ";"В этой изменившейся ситуации, какие были варианты действий с твоей стороны? 
Если первый варинт не сработал, как поступал дальше? ";Легко и позитивно говорит о сложностях (в хорошем смысле), трезво оценивает ситуацию - может аргументировать, почему та или иная сложность / челлендж - это норм;Челлендж этого человека - рутина для ETG;
;;Расскажи о значительном изменении, которое происходило у тебя на работе? ;Челлендж на самом деле челлендж (отзывается с тем, что происходит сейчас);Не получилось, потому что обстоятельства / кто-то из коллег не сделал / не было ресурсов / не было хайринга;
;;;;Пришел новый рук-ль / новый процесс / новый kpi - меня не устраивает / либо ушли все мои коллеги - ничего не сделал для того, чтобы попытаться или чтобы оно ему в итоге подходило;
DO: Grow Together;;;;;
;Жажда знаний/нового;За последние пол года какие новые знания/умения получил в рамках рабочих задач? Что новое вынес для себя на будущее? ;Есть свежие примеры новых знаний, рассказывает как получил, почему именно их, полезно ли или применяет в работе, либо может сказать почему учеба не понравилась;Не может привести таких примеров;
;"Развивает команду 
(лидер)";О какой новой практике узнал за последние 6 месяцев? Как имплементировал в свою работу? ;О чем-то узнал - рассказал команде (шерить практики внутри команды / компании или за пределами, если примеры, когда чем-то делился);Не получилось, потому что обстоятельства / не было ресурсов в компании / мой руководитель этим не занимался;
;;;Есть продолжительные опыты работы / рост внутри компаний (вертикальный / горизонтальный) и/или ищет работу, потому что хочется интересных задач (есть аргументация), новые знаний / челленджей;Нет настроя расти и развиваться долгосрочно в рамках одной компании;
;;;Готов и хочет пробовать новое (без слабоумия и отваги);Была слабая команда;
;;"Как ты развиваешь своих репортов? 

(лидовые роли)";"Есть преемники внутри компании, на тебе не завязаны все процессы, проходит автобусный тест; есть кейсы, что сотрудники лида росли внутри компании / команды / в зоне ответственности";Обучением и развитием людей занимались hr (менеджер);
;;;Есть разные примеры / способы / инструменты повлиять на развитие сотрудника (обещние с сотрудником, pdp, ходили на конференции, были встречи-обмены опытом);;
;;;Развивает людей с учетом потребностей бизнеса;;
;;;;;
;;;;;
;;;;;
;;;;;
;;;;;
;;;;;
;;;;;
;;;;;
