bank	card	kind	preview
8. Интеграции.md	Kafka / RabbitMQ?	ok	Kafka лучше подходит для потока событий, высокой пропускной способности, повторн
8. Интеграции.md	Kafka: topic, partition, offset, consumer group	no_section	
8. Интеграции.md	Семантики доставки: at-most-once / at-least-once / exactly-once	no_section	
8. Интеграции.md	Kafka producer: acks и idempotent producer	no_section	
8. Интеграции.md	Что такое синхронные и асинхронные вызовы?	no_section	
8. Интеграции.md	Выбор транспорта межсервисного взаимодействия: HTTP vs gRPC vs брокер	no_section	
8. Интеграции.md	Какие виды/способы интеграции ты знаешь?	no_section	
8. Интеграции.md	ESB — принцип работы корпоративной шины	placeholder	"35)	Принцип работы ESB"
8. Интеграции.md	OpenAPI / Swagger — проектирование API	placeholder	—
8. Интеграции.md	SOAP — протокол обмена	ok	SOAP (Simple Object Access Protocol) — это протокол для обмена данными между сис
8. Интеграции.md	WSDL — описание веб-сервиса	ok	Язык описания веб сервиса. Перечисление функций, форматов, ответов и так далее. 
8. Интеграции.md	Интеграция четырёх систем: заявка → скоринг → печать → логистика	ok	выдачу карты: форма заявки на выдачу карты, скоринг, печать карты, логистика.  О
8. Интеграции.md	Полнота доставки сообщения брокером	ok	Подтверждение получения от получателя через брокер или напрямую, уникальная  нум
9. Архитектура.md	Saga / 2PC для двух БД?	ok	Saga — цепочка локальных транзакций с компенсационными действиями при сбое. 2PC 
9. Архитектура.md	Transactional outbox	empty	
9. Архитектура.md	Что класть в кэш (и что не класть)	empty	
9. Архитектура.md	Clean / hexagonal architecture?	ok	Чистая (hexagonal) архитектура: бизнес-логика не зависит от БД, HTTP и фреймворк
9. Архитектура.md	Какие знаешь архитектурные стили?	no_section	
9. Архитектура.md	Монолит vs микросервисы	empty	
9. Архитектура.md	Rate limit при нескольких репликах?	ok	На каждой реплике limiter → N × limit. Решение: Redis sliding window / token buc
9. Архитектура.md	Какие виды архитектур ПО знаешь?	no_section	
9. Архитектура.md	В чем разница между монолитами и микросервисами? Какие плюсы и минусы той и другой архитектуры?	empty	
9. Архитектура.md	Достоинства и недостатки микросервисов	empty	
9. Архитектура.md	Знаете ли вы CAP-теорему?	ok	Теорема **CAP**: в распределённой системе при **сетевом разделении (partition)**
9. Архитектура.md	Что такое архитектурный стиль?	ok	Архитектурный стиль — способ организации системы, который определяет её структур
9. Архитектура.md	Что такое Хореография и Оркестрация?	ok	- **Хореография** — сервисы обмениваются событиями и сами решают, что делать дал
9. Архитектура.md	Negative cache	ok	Кэшируем факт отсутствия (404 / empty) с TTL — защита от cache stampede и лишних
9. Архитектура.md	Partitioning vs sharding	no_section	
9. Архитектура.md	Strangler fig pattern	ok	Strangler fig — постепенная замена legacy: новый код идёт через фасад, старая си
9. Архитектура.md	Алгоритмы rate limiting: fixed window / sliding window / token bucket / leaky bucket	no_section	
9. Архитектура.md	Паттерны микросервисной архитектуры	ok	- **Хореография** — паттерн, при котором сервисы независимо общаются и самостоят
9. Архитектура.md	CQRS — когда уместен	ok	Разные модели/хранилища для write и read; уместен при разной нагрузке и схемах ч
9. Архитектура.md	SD: latency растёт неделями, restart помогает	ok	Если latency растёт неделями и restart помогает, сначала проверяйте утечки gorou
9. Архитектура.md	SOA vs микросервисы	placeholder	"17)	18)	Знакома ли с SOA? В чем разница между SOAи микросервисами?  • Service-Or"
9. Архитектура.md	SOLID — принципы проектирования	ok	SOLID — это набор принципов, которые помогают разработчикам создавать понятный и
9. Архитектура.md	Опыт с legacy: поддержка vs переписывание	empty	
9. Архитектура.md	Что означает устойчивость к отказам?	no_section	
11. SA.md	Виды требований: бизнес, пользовательские, функциональные, нефункциональные	no_section	
11. SA.md	BPMN: основные элементы нотации	no_section	
11. SA.md	Пример нефункционального требования	no_section	
11. SA.md	Способы выявления требований	no_section	
11. SA.md	Чем отличается бизнес-аналитик от системного аналитика?	no_section	
11. SA.md	UML: основные диаграммы	no_section	
11. SA.md	Виды документации системного аналитика	no_section	
11. SA.md	Как системный аналитик помогает проектировать архитектуру?	no_section	
11. SA.md	Чем отличается бизнес-требование от пользовательского?	no_section	
11. SA.md	Agile: Scrum и Kanban для аналитика	no_section	
11. SA.md	AS-IS и TO-BE: зачем и когда	no_section	
11. SA.md	User Story и критерии приёмки	no_section	
11. SA.md	Валидация и верификация требований	no_section	
11. SA.md	Границы системы и scope фичи	no_section	
11. SA.md	Матрица трассировки требований	no_section	
11. SA.md	Нотации моделирования процессов и систем	no_section	
11. SA.md	Приоритизация требований и MVP	no_section	
11. SA.md	Роль системного аналитика в SDLC	no_section	
11. SA.md	Структура требований к API-методу	no_section	
11. SA.md	Управление требованиями и версионирование	no_section	
11. SA.md	Этапы SDLC: что знает системный аналитик	no_section	
11. SA.md	BPMN vs UML	ok	• BPMN (Business Process Model and Notation) — это нотация и стандарт для модели
11. SA.md	Sequence: асинхронное взаимодействие и зацикленность	placeholder	"12)	Как на Sequenceдиаграмме показать асинхронное взаимодействие систем? 13)	Как"
11. SA.md	Use cases — как пишутся	ok	Да, на начальном этапе проектирования новой системы приходилось писать сценарии 
11. SA.md	User Story и Use Case — примеры для кейса банка	placeholder	"7)	Можешь привести примеры UserStoryи UseCaseдля кейса выше?"
11. SA.md	User Story — примеры и отличие от Use Case	ok	- User Story - это краткое описание функциональности, которую пользователь хочет
11. SA.md	Анализ и синтез	placeholder	—
11. SA.md	Бизнес-процесс — определение	placeholder	—
11. SA.md	Вопросы заказчику при неполных вводных	ok	(заказчик при этом на все вопросы отвечает «не знаю»)  Для чего нужен кофейный а
11. SA.md	Диаграмма классов vs ER-диаграмма	ok	Диаграммы классов (UML) и ER-диаграммы (Entity-Relationship) используются для мо
11. SA.md	Конфликт требований от стейкхолдеров	placeholder	—
11. SA.md	Оценка качества требований	ok	Конечно, просмотрю на обязательные части, если они приняты в команде, оценю по  
11. SA.md	Переходные требования	placeholder	"3)	Что такое переходные требования? Можешь привести пример?"
11. SA.md	Сбор требований: мобильное приложение банка	placeholder	"5)	Предположим, ты аналитик на проекте по созданию мобильного приложения банка. "
11. SA.md	Способы документирования требований	placeholder	"6)	Какие способы документирования требований тебе известны?"
