bank	card	transcript	timecode	score	reject_reason	preview
11. SA	AS-IS и TO-BE: зачем и когда	АльфаБанк SA 280_water.md	10:04	0.37	below_min_score	как запланировано. Вот, фиксирую вопросы, какие-то, может быть, зоны неопределенности, да, и где не хватает технического контекста. Вот, дальше получается, мы с
11. SA	Agile: Scrum и Kanban для аналитика	Собеседование Астра ОМ.md	30:22	0.20	stt_parasites	методология, она подразумевает за собой некоторые набор, там больше про подход, некоторые, продуктовый, и я это выстраивал через обучение для команды и как раз-
11. SA	BPMN: основные элементы нотации	0223.md	47:01	0.20	stt_parasites	Так, события, действия, потом потоки, шлюзы и, по-моему, эти как объекты, объекты данных. Какие бывают потоки? Так, потоки, по-моему, основной поток, поток сооб
11. SA	BPMN: основные элементы нотации	2024_07_16_ASTON_тех_собес_online_audio_converter_mp3cut_net.md	55:34	0.20	stt_parasites	диаграмма. Что такое BPMN? Зачем она вам нужна? Это бизнес-инструмент для визуализации бизнес-процессов. Основные элементы? Так, получается, таск стрелочки это 
11. SA	BPMN: основные элементы нотации	Озон SA 300_water.md	01:32:58	0.20	stt_parasites	процессы бизнесовые какие-то тоже, поскольку на портоке сейчас идут, в принципе, неплохо бывает с этим работать, вот, и тут не то, что разделяюсь, но с бизнесом
11. SA	BPMN: основные элементы нотации	АльфаБанк SA 280_water.md	09:43	0.03	low_term_match	ассист-убий, то есть, как есть,
11. SA	UML: основные диаграммы	0223.md	48:32	0.20	stt_parasites	Какие еще бывают? Так, компонент, диаграмм, ну, так сходу про нее не расскажу, так, компонент, а, еще есть класс-диаграмм. Так, занимался в этой прототипировани
11. SA	UML: основные диаграммы	АльфаБанк SA 280_water.md	16:39	0.20	stt_parasites	диаграммы, чтобы понять, как оно, что работает, то есть, как пользователь будет взаимодействовать с интерфейсом, с бэком, вот, может быть, какую-то ворпу систем
11. SA	User Story и критерии приёмки	Собеседование Астра ОМ.md	14:21	0.20	stt_parasites	и прочие моменты, то уже после того как мы задачу взяли в спринт то здесь идет более уже техническое описание, такая системная часть аналитика, здесь уже идет о
11. SA	Валидация и верификация требований	2024_07_16_ASTON_тех_собес_online_audio_converter_mp3cut_net.md	12:36	0.20	stt_parasites	Ну, как в системе или требовании. Я уже... Ну, мы с тобой говорим все в рамках требований. Вот, ты написал функциональный требований. У тебя есть страничка. Ну,
11. SA	Виды документации системного аналитика	0223.md	49:30	0.20	stt_parasites	Так, software requirement specification это описание функциональных, нефункциональных требований. И вот эта как-то функциональная спецификация, не помню, как он
11. SA	Виды документации системного аналитика	Озон SA 300_water.md	24:30	0.20	stt_parasites	Окей, здесь я думаю, мы как раз обсуждаем условно говоря, артефакты, да, то есть анализы на том или ином этапе, как можем сделать здесь такого, смотри, в зависи
11. SA	Виды документации системного аналитика	0223.md	49:41	0.01	low_term_match	Какие типы требования? Ну, соответственно, самый верхний уровень у меня это бизнес требования,
11. SA	Виды требований: бизнес, пользовательские, функциональные, нефункциональные	Собеседование Астра ОМ.md	12:21	0.41	below_min_score	я обсуждаю это с командой я вывожу какие-то артефакты, артефакты делю на две части, опять же таки у нас работа аналитика первой части условно то, что идет до сп
11. SA	Виды требований: бизнес, пользовательские, функциональные, нефункциональные	0223.md	50:06	0.31	low_term_match	потом пользовательский, ну, использовательский функциональный, нефункциональный. Ну, еще есть там переходные требования. В чем разница в бизнес требования от по
11. SA	Виды требований: бизнес, пользовательские, функциональные, нефункциональные	2024_07_16_ASTON_тех_собес_online_audio_converter_mp3cut_net.md	03:13	0.20	stt_parasites	Ну, получается, бизнес, пользовательский, функционально, нефункционально. А, слушай, а можешь примеры по бизнесу требованиям сказать? Тем более, раз ты ее работ
11. SA	Виды требований: бизнес, пользовательские, функциональные, нефункциональные	АльфаБанк SA 280_water.md	53:40	0.20	stt_parasites	есть ли между ними какие-то противоречия. Предложил решение. Хорошо, сейчас я еще прочиту текст. Так, отображение 100+, транзакции в списке, геолокация операций
11. SA	Виды требований: бизнес, пользовательские, функциональные, нефункциональные	Озон SA 300_water.md	21:23	0.20	stt_parasites	и часть нужно уже, наверное, на свой опыт опираясь и раскручивать еще вопросы, подстраиваться под, грубо говоря, под само собеседующего, вот, ой, ну, правильно,
11. SA	Границы системы и scope фичи	АльфаБанк SA 280_water.md	54:56	0.25	low_term_match	Сейчас она уже, ну, у нас расползается условно говоря. И очевидно, что мы тут не справимся с такой командой в такие сроки и так далее. Поэтому, раз что-то надо,
11. SA	Как системный аналитик помогает проектировать архитектуру?	АльфаБанк SA 280_water.md	10:16	0.31	low_term_match	Вот, на этом, то есть, в этапе я пытаюсь сообразить, как у нас системное поведение будет. Готовлю на этом этапе у нас, то есть, какие-то, может быть, секенс, да
11. SA	Как системный аналитик помогает проектировать архитектуру?	Озон SA 300_water.md	35:09	0.20	stt_parasites	ну, да, наверное, технические ограничения, то есть бизнес, бизнесовый аналитик не может этого понимать, поэтому тут уже я подписывалась, вот здесь будет, получа
11. SA	Матрица трассировки требований	2024_07_16_ASTON_тех_собес_online_audio_converter_mp3cut_net.md	22:26	0.20	stt_parasites	это уже тестировщик. Ну, есть матрица такая, таблица, где мы покрываем тестами и все наши истории. Стой-мап, чего-нибудь такое было у вас? Ну, Стой-мап видел. Н
11. SA	Нотации моделирования процессов и систем	0223.md	45:59	0.20	stt_parasites	UML, BPMN, да, UML, BPMN, UML, BPMN, да, вроде все. Ну, еще слышно, DFD есть, вот IDF есть, ну, вроде просто слышно. Так, ну, давай про BPMN поподробнее, из как
11. SA	Пример нефункционального требования	0223.md	51:48	0.21	low_term_match	Ну, системы, например, система должна быть доступна 99,9% времени. Вот, так. Какое еще время? Нет, все, достаточно. Важно просто, чтобы понимал о чем там речь. 
11. SA	Пример нефункционального требования	2024_07_16_ASTON_тех_собес_online_audio_converter_mp3cut_net.md	07:14	0.20	stt_parasites	Можешь пример сказать? Ну, нефункциональные, чтобы сайт, ну, какая-то страница, ссылка быстро открывалась, там, какие-то милисикунды, чтобы сообщение, ну, то ес
11. SA	Пример нефункционального требования	Собеседование Астра ОМ.md	30:36	0.18	low_term_match	В целом, бизнесовый аналитик может это делать, но зачастую бизнесовый аналитик получиваются бизнес-трейбами. Я думаю, это все сильно зависит от контекста компан
11. SA	Приоритизация требований и MVP	АльфаБанк SA 280_water.md	54:32	0.63		то, что нам важнее всего в данный момент реализация некого MVP, основную функционала без разрастания данного, хотим то 1, 2, 3, то, что поможет нам важнее всего
11. SA	Роль системного аналитика в SDLC	Озон SA 300_water.md	16:16	0.20	stt_parasites	Давай так, то есть получается у нас суть же основная какая, то есть из какой-то, да, как раз идеи первичных требований, которые имеют только общее понимание, из
11. SA	Способы выявления требований	0223.md	54:20	0.20	stt_parasites	Ну, самое частое, в абсолютном большинстве случаев интервьюирования, вот. Есть еще мозговой штурм, анкитирование, изучение документации, ну, их целом изучение а
11. SA	Способы выявления требований	2024_07_16_ASTON_тех_собес_online_audio_converter_mp3cut_net.md	10:01	0.20	stt_parasites	С чем приходилось работать? Техники там. Ну, что-то вроде, как-то называется, мозг, вроде так называть, масты должны быть, следует быть, могут быть и не должны 
11. SA	Способы выявления требований	Озон SA 300_water.md	22:35	0.20	stt_parasites	Да, конечно, как подсветил еще эта условная работа в полях, это когда ты приходишь там к специалисту, который в будущем может быть с этим работой, с системой ил
11. SA	Структура требований к API-методу	Озон SA 300_water.md	01:27:07	0.20	stt_parasites	должно содержаться? Можешь прям по блокам назвать, да? Вот, типа, не знаю, вот ты назвал, например, входные параметры. Окей, это один из блоков, да? А какие еще
11. SA	Управление требованиями и версионирование	2024_07_16_ASTON_тех_собес_online_audio_converter_mp3cut_net.md	11:45	0.20	stt_parasites	может, то сделал, может, не то, но это будет следующий вопрос, это валидация велификация. Ну, а вот до этого ты вот чего-то как-то посидел, покумел, покумекал и
11. SA	Чем отличается бизнес-аналитик от системного аналитика?	АльфаБанк SA 280_water.md	09:41	0.35	below_min_score	Ну, разберу тогда более, условно, стандартное то, что у нас ситуацию, в том плане, что все-таки бизнесовый аналитик не есть, поэтому они собирают основные. Дава
11. SA	Чем отличается бизнес-аналитик от системного аналитика?	2024_07_16_ASTON_тех_собес_online_audio_converter_mp3cut_net.md	01:05	0.20	stt_parasites	Ну, бизнес-аналитик больше про конечный профит, зачем менять или добавлять систему в каких-то... Ну, в экономическом плане системное аналитик, он уже больше... 
11. SA	Чем отличается бизнес-аналитик от системного аналитика?	t1_SystemAnalyst.md	08:50	0.20	stt_parasites	Нет. Как со стороны бизнеса, главный человек в нашем кластере. То есть, как продуктова, история с его. Да. Андрей, подчинение получается. Сижее и все продуктовн
11. SA	Чем отличается бизнес-требование от пользовательского?	0223.md	51:21	0.20	stt_parasites	То есть, ну, и они связаны с получением, ну, зачастую связаны с получением прибыли для бизнеса или увеличением каких-то там показателей, то есть количество акти
11. SA	Чем отличается бизнес-требование от пользовательского?	Собеседование Астра ОМ.md	06:08	0.20	stt_parasites	и последние полгода, в том числе выполняю часть функции продуктовнера, потому что я в рамках своей команды являюсь лидом анализа и параллельно как раз веду еще 
11. SA	Этапы SDLC: что знает системный аналитик	Озон SA 300_water.md	04:35	0.20	stt_parasites	Да, окей, окей, конечно. Ну, если взять основные жизненные циклы ПО, да, то есть с самого начала первым у нас всегда идет идея. Да, то есть при разработке как р
8. Интеграции	Kafka producer: acks и idempotent producer	@dubter ом_оффер Авито_water_2.md	10:36	0.20	stt_parasites	Нет, в зависимости от того, какой там настроен ASK, словно ASK-НОДНО, ASK-1 там, в зависимости от того, какие гарантии мы хотим. Вот. Ну, то есть, получается, о
8. Интеграции	Kafka producer: acks и idempotent producer	СимберСофт.md	56:54	0.20	stt_parasites	Просто idempotency у producer'а — не через offsets. Ну, через offsetы можно вернуться, но там просто есть отдельный параметр, который producer, по крайней мере.
8. Интеграции	Kafka: topic, partition, offset, consumer group	2026-03-12 15-29-38_water.md	01:25:06	0.20	stt_parasites	Так. Ну, я смотрю у первого на что потребованию там к самой же производительности. Потом посмотрю по потреблению. Ну, число потреблений. Что по трафику. Ну, и п
8. Интеграции	Kafka: topic, partition, offset, consumer group	@go_surfer ом_оффер АМТЕХ (2)_water.md	15:19	0.20	stt_parasites	по-моему лаконично переходим в теоретическую часть ну так еще состоит что куда зарисывается я понял ну грубо говоря данные у нас в кавке храняется в топиках раз
8. Интеграции	Kafka: topic, partition, offset, consumer group	@go_surfer ом_оффер АМТЕХ (2)_water.md	17:32	0.20	stt_parasites	продюсеров чем партийцы например ну тогда одна партийца в один момент может чьи-то ну как бы по идее как нас одна партийца в один момент может считаться только 
8. Интеграции	Kafka: topic, partition, offset, consumer group	@kuzmin_michel ом_оффер_water.md	45:45	0.20	stt_parasites	где события, которые нужны для этого чехального опубликуется? Да, по сути, у нас другие продукты, другие продукты, там, допустим, волит, мы там, просто с Байдин
8. Интеграции	Kafka: topic, partition, offset, consumer group	@toby3d ом_оффер Plata_water.md	01:16:30	0.20	stt_parasites	да, как они там между собой взаимодействуют. Насколько я помню, типа, событий, что в кавке, что в Рабити, это просто, типа, там, ключ значения и какие-то там ме
8. Интеграции	Kafka: topic, partition, offset, consumer group	СимберСофт.md	54:04	0.20	stt_parasites	Так, ну, топик, это у нас то есть, у нас есть брокер, как, как сказать, ну, топик это я просто, как сказать слово, то есть, мы подписываемся на какие-то топики,
8. Интеграции	Выбор транспорта межсервисного взаимодействия: HTTP vs gRPC vs брокер	@dubter ом_оффер Авито_water_2.md	04:50	0.36	below_min_score	какие есть плюсы недостатки у нее, знаешь? Про синхронные модели. Или что? Синхронную, да, через ручки. Ну, имеется в виду, что есть. Ну, смотри, у нас есть, на
8. Интеграции	Выбор транспорта межсервисного взаимодействия: HTTP vs gRPC vs брокер	@dubter ом_оффер Авито_water_2.md	02:57	0.20	stt_parasites	В случае 1-го HTTP-JRPC вызов, у нас по факту синхронный вызов. То есть это, во-первых, простота, во-вторых, мгновенный ответ, ну и строго оттепизаться в случае
8. Интеграции	Какие виды/способы интеграции ты знаешь?	2024-07-18 14-00-21.md	10:13	0.22	low_term_match	о видах взаимодействия микросервисов между друг другом. Получается, ну, мы можем общаться между микросервисами по HTTP также по GRPC Использую различные очереди
8. Интеграции	Семантики доставки: at-most-once / at-least-once / exactly-once	@dubter ом_оффер Авито_water_2.md	17:01	0.20	stt_parasites	гарантии доставки, в чем разница? Это Most Once это, когда мы отправили и забыли, то есть у нас нет ретрайов никаких. То есть сообщение в теории может потерятьс
8. Интеграции	Семантики доставки: at-most-once / at-least-once / exactly-once	@dubter ом_оффер Авито_water_2.md	22:31	0.20	stt_parasites	С помощью Retrieve с помощью Retrieve мы достигаем At least once и с помощью idempotent-тости. Ну, имеем какой-то ключ idempotent-тости, то, вот эти два сообщен
8. Интеграции	Семантики доставки: at-most-once / at-least-once / exactly-once	@go_surfer ом_оффер АМТЕХ (2)_water.md	13:52	0.20	stt_parasites	ну гарантии доставки у нас как бы до того чтоб ну грубо говоря не больше чтоб одного у нас есть три гарантии доставки чтоб ровно один раз у нас записалось это з
8. Интеграции	Семантики доставки: at-most-once / at-least-once / exactly-once	@toby3d ом_оффер Plata_water.md	01:19:12	0.20	stt_parasites	доставки, какие вот, ты знаешь, и как бы, какую гарантию доставки какой-то вот этим привел. Я так понимаю, это вопрос про at least once, at most once exactly on
8. Интеграции	Что такое синхронные и асинхронные вызовы?	0223.md	15:17	0.20	stt_parasites	взаимодействие. Для чего каждый применяется, как можно реализовать? Так, ну, синхронное взаимодействие, это когда у нас клиент сразу ждет ответа от сервера, вот
8. Интеграции	Что такое синхронные и асинхронные вызовы?	@toby3d ом_оффер Plata_water.md	01:13:08	0.20	stt_parasites	они нужны и как бы, да, вот такой вопрос. Ну, банально это, типа, шина для передачи данных от одного сервиса к другому. То есть, у меня в голове это, ну, стыкую
9. Архитектура	Partitioning vs sharding	2024-07-18 14-00-21.md	07:42	0.40	below_min_score	Партицирование. По-моему, сейчас. Ладно, не буду пудуть. В общем, партицирование это когда мы разделяем базу данных, но на одном физическом сервере. Окей. Да. Д
9. Архитектура	Partitioning vs sharding	2024-07-18 14-00-21.md	06:55	0.20	stt_parasites	Шардирование? Нет. Окей. Есть понимание вообще, что это такое, ничего надо? Так. Сейчас. Да, в целом, есть. Получается сейчас спартийцевируем, бы не спутать. В 
9. Архитектура	Алгоритмы rate limiting: fixed window / sliding window / token bucket / leaky bucket	@dubter ом_оффер Авито_water_2.md	01:08:27	0.20	stt_parasites	конечно, которые мы выбрали, которые мы выберли. Какие алгоритмы, если еще знаешь? Ну, есть, по-моему, сладинг в виду, когда мы к нам приходит запрос, и мы счит
9. Архитектура	Какие виды архитектур ПО знаешь?	Собеседование Астра ОМ.md	33:18	0.48	below_min_score	очень верхний уровень, то это был сервис-ориентированный подход, но фактически каждый сервис внутри это был такой монолит. В общем, если не углубляться, то это 
9. Архитектура	Какие виды архитектур ПО знаешь?	0223.md	08:24	0.20	stt_parasites	была, какие еще бывают? Ну, есть еще сервис наориентированная архитектура, это такой прародитель микросервисов, я слышал, но и монолит. Что-нибудь еще, может, к
9. Архитектура	Какие виды архитектур ПО знаешь?	2024_07_16_ASTON_тех_собес_online_audio_converter_mp3cut_net.md	58:33	0.20	stt_parasites	читал про несколько но в голове отложились только это монолитно и это что у нас было микросервис а зачем они отличаются? монолит в сути там все элементы с темы 
9. Архитектура	Какие знаешь архитектурные стили?	0223.md	30:25	0.20	stt_parasites	которым должно соответствовать наше REST API. Ну, чтобы оно вообще могло называться REST. Ничего API называться REST и быть RESTful, чтобы оно было масштабируем
9. Архитектура	Какие знаешь архитектурные стили?	Lamoda ! Go! 400_water.md	01:40:05	0.20	stt_parasites	там технологии которая обычно не используется то тебе ее нужно ну в целом вообще любой проект проходит через такую стадию обсуждения там с архитекторами и с сис
9. Архитектура	Какие знаешь архитектурные стили?	АльфаБанк SA 280_water.md	01:02:58	0.20	stt_parasites	условно говоря, я тогда сразу буду называть, то есть почему мы возьмём, пусть мы не мынули. Это позволит нам разбить систему, да, на небольшие независимые серви
9. Архитектура	Какие знаешь архитектурные стили?	тех собес флант Golang backend 400_water.md	01:17:12	0.20	stt_parasites	ну как будто бы, да ну тут смотря что считают но как будто бы у нас собственно, есть события, есть реакция на это событие я думаю, да но я не знаю, да, любые, н
