card	N_content	N_link	N_only_content	transcripts_content_only
1.1 Расскажи про себя	37	38	4	2025-04-02 16-57-44.md; 8528118876862.md; render2bit.md; Лента_Pyhton.md
1.2 Хронология опыта и компаний	17	12	7	8528118876862.md; @Maxione ом_оффер Магнит Омн и_water_2.md; ClearWay.md; render2bit.md; ИЦ АИ_ТЕКО_DataEngineer_350water.md; Мерлион (Сити Линк)_water_1.md; тех собес adcamp декабрь 2025_water.md
1.3 Один проект за 2–3 минуты	7	9	0	
1.4 Чем гордишься / достижения	15	11	5	2026-03-12 15-29-38_water.md; 8528118876862.md; t1 tex sobes.md; Собес в DataGile v2.md; тех собес магнит ноябрь 2025_water.md
2.1 Роль и зона ответственности	17	17	1	video1988550705.md
2.2 Архитектура и стек проекта	71	49	24	0204.md; 1217.md; 123.md; 2026-03-10 16-59-22_water_1.md; @Maxione ом_оффер Магнит Омн и_water_2.md; @Take9a ом_оффер Сбербанк_water.md; @foreverrwednesday ом_оффер Digital Biz Factory_water.md; @hardwork_engineer devops 300 отказ_water.md; Backend_(0).md; BrightPattern.md; Employcity Тех.md; Uzum_ProjectManager_300_water.md; VK_one_day_техскрининг.md; sobes_yadro_edited.md; wb.md; wildberries.md; АльфаБанк SA 280_water.md; АльфаБанк_SA_250_water_1.md; ИЦ АИ_ТЕКО_DataEngineer_350water.md; Магнит Golang 460.md; Озон SA 300_water.md; СисАналитик_350к_Aston_water.md; Собес Гнивц_water-1.md; тех собес магнит ноябрь 2025_water.md
2.3 Метрики и результат	59	4	55	0204.md; 0220.md; 0420.md; 0428 (1)_water.md; 1217.md; 2024-09-20 13-00-55_water.md; 2025-04-02 16-57-44.md; 2026-03-10 16-59-22_water_1.md; 2026-03-12 13-02-21.md; 2026-03-12 15-29-38_water.md; 29-05-2025.md; 8528118876862.md; @Maxione ом_оффер Магнит Омн и_water_2.md; @dubter ом_оффер Авито_water_2.md; @go_surfer ом_оффер АМТЕХ (2)_water.md; @hardwork_engineer devops 300 отказ_water.md; @toby3d ом_оффер Plata_water.md; APM Group_water.md; AQA-Python_300k_Ростелеком-ИТ_water_1.md; Backend_(0).md; BetCore_DataAnalyst_200_water.md; Golang.Middle.amoCRM.md; Project_350к_WareVision_water.md; STARTRIBELTD Go.md; Tech-Compressed.md; Uzum_ProjectManager_300_water.md; alfa_go.md; interview_f6.md; merge_video_online_com_1741549423_lce_livekod_sfpmca2i_Sw6jNXxu.md; ozon_A01.md; ozon_ts.md; ozon_тех_скрин (1).md; render2bit.md; sobes_yadro_edited.md; t1 tex sobes.md; tbank_go.md; wb_(0).md; wildberries.md; АльфаБанк SA 280_water.md; Гоуланг технологии.md; Лента_Pyhton.md; Магнит Golang 460.md; Мерлион (Сити Линк)_water_1.md; Ник.md; ООО ШИФТ_water.md; Сбербанк 250к отказ_water_2.md; СимберСофт.md; Собес Aston 04.12.2024_water.md; Собес в DataGile v2.md; Т_банк_Продуктовыи_аналитик_Техничка_water.md; ТБанк.md; ТТК-Связь.md; Яндекс.md; авито техскрин(эталон).md; тех собес магнит ноябрь 2025_water.md
2.4 Команда и процессы на проекте	53	47	7	2026-03-10 16-59-22_water_1.md; @go_surfer ом_оффер АМТЕХ (2)_water.md; Employcity Тех.md; render2bit.md; video1988550705.md; ЛадаЦифра_SA_240_water.md; СисАналитик_350к_Aston_water.md
2.5 On-call и инциденты	18	15	3	Golang.Middle.amoCRM.md; X5_Go_300_water_1.md; Яндекс.md
2.6 Как искать проблему в работе системы	0	0	0	
3.1 Проверка стека из резюме	1	3	1	СимберСофт.md
3.2 Углубление в формулировки CV	0	0	0	
3.3 Пробелы в резюме (Postgres, Kafka…)	0	0	0	
4.1 Конфликт в команде (STAR)	0	0	0	
4.2 Дедлайн и стресс (STAR)	32	11	23	0420.md; 2024-07-18 14-00-21.md; 2024-10-29 12-02-32_water.md; 2024_07_16_ASTON_тех_собес_online_audio_converter_mp3cut_net.md; 8528118876862.md; IMG_3600.md; IMG_6603.md; Uzum_ProjectManager_300_water.md; alfa_go.md; h264 middle.md; sobes2_water.md; sobes_yadro_edited.md; video1988550705.md; АльфаБанк SA 280_water.md; Гоуланг технологии.md; Магнит Golang 460.md; Скрининг Авито (эталон).md; Собес Aston 04.12.2024_water.md; Собес Гнивц_water-1.md; ТТК-Связь.md; Яндекс.md; тех собес adcamp декабрь 2025_water.md; тех собес магнит ноябрь 2025_water.md
4.3 Ошибка в проде (STAR)	7	5	3	2024-09-20 13-00-55_water.md; 2024_07_16_ASTON_тех_собес_online_audio_converter_mp3cut_net.md; Мерлион (Сити Линк)_water_1.md
4.4 Несогласие с техрешением (STAR)	1	0	1	IMG_3600.md
4.5 Признаки человека, которому не нравится работа	5	0	5	8528118876862.md; t1 tex sobes.md; Озон SA 300_water.md; Сбербанк 250к отказ_water_2.md; тех собес adcamp декабрь 2025_water.md
4.6 Нетипичное решение задачи	0	0	0	
4.7 Что бы изменил на текущем месте	0	0	0	
4.8 Неожиданные изменения на работе	0	0	0	
4.9 Инициатива вне своей зоны ответственности	0	0	0	
5.1 Почему Go	1	1	0	
5.2 Почему уходишь / смена работы	5	13	0	
5.3 Ожидания от роли	1	5	0	
5.4 Что ищешь в проекте / компании	3	11	0	
5.5 От чего получаешь удовольствие в работе	5	0	5	2024-09-20 13-00-55_water.md; 2026-03-12 13-02-21.md; 8528118876862.md; record_water.md; video1988550705.md
5.6 Если бы не текущая профессия	0	0	0	
5.7 Источники обучения и новинок	12	9	3	8528118876862.md; render2bit.md; video1988550705.md
5.8 Новые знания за последние полгода	0	0	0	
6.1 Code review и agile как опыт	97	6	91	0204.md; 0220.md; 0223.md; 0420.md; 0428 (1)_water.md; 1217.md; 123.md; 2024-07-18 14-00-21.md; 2024-08-05 11-59-46 Ozon part 1_water-1.md; 2025-04-02 16-57-44.md; 2026-03-10 16-59-22_water_1.md; 2026-03-12 13-02-21.md; 2026-03-12 15-29-38_water.md; 29-05-2025.md; @Maxione ом_оффер Магнит Омн и_water_2.md; @dubter ом_оффер Авито_water_2.md; @exbur ом_оффер betica_tech_water.md; @foreverrwednesday ом_оффер Digital Biz Factory_water.md; @go_surfer ом_оффер АМТЕХ (2)_water.md; @hardwork_engineer devops 300 отказ_water.md; @kuzmin_michel ом_оффер_water.md; @toby3d ом_оффер Plata_water.md; APM Group_water.md; AQA-Python_300k_Ростелеком-ИТ_water_1.md; Backend.md; Backend_(0).md; BrightPattern.md; ClearWay.md; Full screen September 24 2024 16_30_59.md; Go_middle_wb.md; Golang.Middle.amoCRM.md; IMG_3600.md; IMG_6603.md; IMG_8102.md; Kalabi tech Interview Go.md; Lamoda ! Go! 400_water.md; Orion_soft_go.md; Ozon.md; STARTRIBELTD Go.md; Tech-Compressed.md; Uzum.md; Uzum_ProjectManager_300_water.md; X5_Go_300_water_1.md; alfa_go.md; cloud_ru.md; cобес 1_water.md; h264 middle.md; indriver_go_water.md; interview_f6.md; mailru_algo_audio.md; merge_video_online_com_1741549423_lce_livekod_sfpmca2i_Sw6jNXxu.md; onelayer (2)_water_3.md; ozon_A01.md; ozon_ts.md; ozon_тех_скрин (1).md; record_water.md; sobes2_water.md; sobes_yadro_edited.md; t1 tex sobes.md; t1_SystemAnalyst.md; tbank_go.md; tbankgo_water.md; wb.md; wildberries.md; yandex_final_interview_team_2_main_part.md; АльфаБанк SA 280_water.md; АльфаБанк_SA_250_water_1.md; Гоуланг технологии.md; ЛадаЦифра_SA_240_water.md; Ламода техсобес.md; Мерлион (Сити Линк)_water_1.md; МоторикаАудио_null_null__bpm_null.md; Ник.md; Озон SA 300_water.md; Производственныи_центр_2025_01_15_15_00_18_1_water.md; СОБЕС АВИТО_01_E_major__bpm_60.md; Сбербанк 250к отказ_water_2.md; Собес Aston 04.12.2024_water.md; Собес Гнивц_water-1.md; Собес в DataGile v2.md; Собес_на_стажера_в_группу_поискового_движка_вб_ _сделано_в_Clipc.md; Собеседование Lamoda 10.04.2025.md; Собеседование Астра ОМ.md; ТБанк.md; ТТК-Связь.md; Яндекс Go.md; Яндекс.md; тех собес adcamp декабрь 2025_water.md; тех собес магнит ноябрь 2025_water.md; тех собес флант Golang backend 400_water.md; ютека.md
6.2 Релизы и деплой	54	3	51	0220.md; 0420.md; 2024-09-20 13-00-55_water.md; 2025-04-02 16-57-44.md; 2026-03-10 16-59-22_water_1.md; 2026-03-12 13-02-21.md; 2026-03-12 15-29-38_water.md; @Maxione ом_оффер Магнит Омн и_water_2.md; @Take9a ом_оффер Сбербанк_water.md; @dubter ом_оффер Авито_water_2.md; @exbur ом_оффер betica_tech_water.md; @go_surfer ом_оффер АМТЕХ (2)_water.md; @hardwork_engineer devops 300 отказ_water.md; @toby3d ом_оффер Plata_water.md; APM Group_water.md; AQA-Python_300k_Ростелеком-ИТ_water_1.md; Backend_(0).md; BetCore_DataAnalyst_200_water.md; BrightPattern.md; Employcity Тех.md; Full screen September 24 2024 16_30_59.md; Golang.Middle.amoCRM.md; IMG_6603.md; Lamoda ! Go! 400_water.md; Lunar Rails Техничка_water.md; Orion_soft_go.md; Tech-Compressed.md; Uzum_ProjectManager_300_water.md; VKTech_Golang_350_water.md; VK_one_day_техскрининг.md; h264 middle.md; indriver_go_water.md; onelayer (2)_water_3.md; record_water.md; render2bit.md; sobes2_water.md; sobes_yadro_edited.md; t1_SystemAnalyst.md; yandex_final_interview_team_2_main_part.md; АльфаБанк SA 280_water.md; АльфаБанк_SA_250_water_1.md; Гоуланг технологии.md; Ламода техсобес.md; Магнит Golang 460.md; МоторикаАудио_null_null__bpm_null.md; ООО ШИФТ_water.md; Озон SA 300_water.md; Собеседование Lamoda 10.04.2025.md; Собеседование Астра ОМ.md; ТБанк.md; тех собес adcamp декабрь 2025_water.md
6.3 Менторство и onboarding	23	6	17	0420.md; 0428 (1)_water.md; 2026-03-12 15-29-38_water.md; 8528118876862.md; APM Group_water.md; IMG_6603.md; IMG_7454.md; onelayer (2)_water_3.md; sobes_yadro_edited.md; video1988550705.md; Гоуланг технологии.md; ЛадаЦифра_SA_240_water.md; Ламода техсобес.md; Ник.md; ООО ШИФТ_water.md; СисАналитик_350к_Aston_water.md; ТБанк.md
6.4 Обратная связь: давать и принимать	48	0	48	0204.md; 0220.md; 123.md; 2024-08-05 11-59-46 Ozon part 1_water-1.md; 2026-03-10 16-59-22_water_1.md; 2026-03-12 13-02-21.md; 2026-03-12 15-29-38_water.md; @Maxione ом_оффер Магнит Омн и_water_2.md; @foreverrwednesday ом_оффер Digital Biz Factory_water.md; @go_surfer ом_оффер АМТЕХ (2)_water.md; @kuzmin_michel ом_оффер_water.md; @toby3d ом_оффер Plata_water.md; APM Group_water.md; AQA-Python_300k_Ростелеком-ИТ_water_1.md; Backend_(0).md; BrightPattern.md; ClearWay.md; Full screen September 24 2024 16_30_59.md; IMG_3600.md; Lamoda ! Go! 400_water.md; Orion_soft_go.md; Project_350к_WareVision_water.md; Uzum_ProjectManager_300_water.md; alfa_go.md; cобес 1_water.md; h264 middle.md; merge_video_online_com_1741549423_lce_livekod_sfpmca2i_Sw6jNXxu.md; onelayer (2)_water_3.md; render2bit.md; sobes2_water.md; sobes_yadro_edited.md; video1988550705.md; wb.md; ИЦ АИ_ТЕКО_DataEngineer_350water.md; ЛадаЦифра_SA_240_water.md; Ламода техсобес.md; Магнит Golang 460.md; Мерлион (Сити Линк)_water_1.md; МоторикаАудио_null_null__bpm_null.md; ООО ШИФТ_water.md; Озон SA 300_water.md; Производственныи_центр_2025_01_15_15_00_18_1_water.md; Сбербанк 250к отказ_water_2.md; СисАналитик_350к_Aston_water.md; Собес Aston 04.12.2024_water.md; Собеседование Астра ОМ.md; ТТК-Связь.md; Яндекс.md
6.5 Отношение к неформальной лексике на работе	0	0	0	
6.6 Работа в мультинациональной команде	0	0	0	
7.1 Вопросы про продукт	6	3	3	Project_350к_WareVision_water.md; sobes_yadro_edited.md; Яндекс.md
7.2 Вопросы про команду	10	3	8	2024-09-20 13-00-55_water.md; @go_surfer ом_оффер АМТЕХ (2)_water.md; Employcity Тех.md; Ozon.md; Tech-Compressed.md; Uzum_ProjectManager_300_water.md; t1_SystemAnalyst.md; Ламода техсобес.md
7.3 Вопросы про процессы и рост	23	21	4	8528118876862.md; render2bit.md; video1988550705.md; Ник.md
8.1 Опыт с ClickHouse	14	2	13	0420.md; 2026-03-12 13-02-21.md; 29-05-2025.md; APM Group_water.md; BetCore_DataAnalyst_200_water.md; Golang.Middle.amoCRM.md; interview_f6.md; wb.md; wildberries.md; ИЦ АИ_ТЕКО_DataEngineer_350water.md; Мерлион (Сити Линк)_water_1.md; Сбербанк 250к отказ_water_2.md; СисАналитик_350к_Aston_water.md
8.2 Опыт с e-commerce	12	1	11	Backend_(0).md; Project_350к_WareVision_water.md; X5_group_go.md; interview_f6.md; t1_SystemAnalyst.md; АльфаБанк_SA_250_water_1.md; ИЦ АИ_ТЕКО_DataEngineer_350water.md; ЛадаЦифра_SA_240_water.md; Мерлион (Сити Линк)_water_1.md; тех собес adcamp декабрь 2025_water.md; тех собес магнит ноябрь 2025_water.md
8.3 Опыт с Kubernetes (базовый деплой)	35	1	34	0204.md; 0220.md; 0420.md; 2024-10-29 12-02-32_water.md; 2025-04-02 16-57-44.md; 2026-03-10 16-59-22_water_1.md; 2026-03-12 15-29-38_water.md; @Maxione ом_оффер Магнит Омн и_water_2.md; @exbur ом_оффер betica_tech_water.md; @hardwork_engineer devops 300 отказ_water.md; Backend_(0).md; BrightPattern.md; Full screen September 24 2024 16_30_59.md; Golang.Middle.amoCRM.md; IMG_6603.md; Lamoda ! Go! 400_water.md; STARTRIBELTD Go.md; Tech-Compressed.md; X5_group_go.md; alfa_go.md; h264 middle.md; interview_f6.md; onelayer (2)_water_3.md; render2bit.md; sobes_yadro_edited.md; wb_(0).md; wildberries.md; МоторикаАудио_null_null__bpm_null.md; Скрининг Авито (эталон).md; Собес Aston 04.12.2024_water.md; Яндекс.md; авито техскрин(эталон).md; тех собес adcamp декабрь 2025_water.md; тех собес флант Golang backend 400_water.md
8.4 Опыт с payment gateway / платёжными системами	10	3	7	@kuzmin_michel ом_оффер_water.md; Golang.Middle.amoCRM.md; Lunar Rails Техничка_water.md; Project_350к_WareVision_water.md; Uzum_ProjectManager_300_water.md; АльфаБанк_SA_250_water_1.md; тех собес adcamp декабрь 2025_water.md
8.5 Опыт с PostgreSQL (по резюме)	55	12	44	0223.md; 0420.md; 2024-07-18 14-00-21.md; 2024-08-05 11-59-46 Ozon part 1_water-1.md; 2026-03-10 16-59-22_water_1.md; 2026-03-12 15-29-38_water.md; @Maxione ом_оффер Магнит Омн и_water_2.md; @exbur ом_оффер betica_tech_water.md; @go_surfer ом_оффер АМТЕХ (2)_water.md; @toby3d ом_оффер Plata_water.md; BetCore_DataAnalyst_200_water.md; BrightPattern.md; IMG_6603.md; Lamoda ! Go! 400_water.md; Ozon.md; STARTRIBELTD Go.md; Tech-Compressed.md; alfa_go.md; h264 middle.md; interview_f6.md; onelayer (2)_water_3.md; ozon_ts.md; record_water.md; sobes_yadro_edited.md; t1 tex sobes.md; t1_SystemAnalyst.md; tbank_go.md; wb.md; wb_(0).md; wildberries.md; АльфаБанк SA 280_water.md; АльфаБанк_SA_250_water_1.md; Гоуланг технологии.md; ИЦ АИ_ТЕКО_DataEngineer_350water.md; Ламода техсобес.md; Мерлион (Сити Линк)_water_1.md; ООО ШИФТ_water.md; Озон SA 300_water.md; СимберСофт.md; Собес в DataGile v2.md; Яндекс.md; тех собес магнит ноябрь 2025_water.md; эрливидео техничка.md; ютека.md
8.6 Опыт с брокерами сообщений и Kafka	62	16	46	0204.md; 0220.md; 0223.md; 0420.md; 0428 (1)_water.md; 2024-07-18 14-00-21.md; 2024-08-05 11-59-46 Ozon part 1_water-1.md; 2024-09-20 13-00-55_water.md; 2026-03-10 16-59-22_water_1.md; 2026-03-12 15-29-38_water.md; 29-05-2025.md; @Maxione ом_оффер Магнит Омн и_water_2.md; @Take9a ом_оффер Сбербанк_water.md; @dubter ом_оффер Авито_water_2.md; @exbur ом_оффер betica_tech_water.md; @kuzmin_michel ом_оффер_water.md; BrightPattern.md; ClearWay.md; Go_middle_wb.md; Golang.Middle.amoCRM.md; IMG_3600.md; IMG_6603.md; Kalabi tech Interview Go.md; Lamoda ! Go! 400_water.md; Lunar Rails Техничка_water.md; STARTRIBELTD Go.md; Uzum_ProjectManager_300_water.md; X5_group_go.md; alfa_go.md; indriver_go_water.md; onelayer (2)_water_3.md; record_water.md; sobes_yadro_edited.md; wildberries.md; АльфаБанк SA 280_water.md; ИЦ АИ_ТЕКО_DataEngineer_350water.md; ЛадаЦифра_SA_240_water.md; Магнит Golang 460.md; Мерлион (Сити Линк)_water_1.md; МоторикаАудио_null_null__bpm_null.md; СимберСофт.md; Собес Aston 04.12.2024_water.md; Собеседование Lamoda 10.04.2025.md; тех собес магнит ноябрь 2025_water.md; тех собес флант Golang backend 400_water.md; ютека.md
9.2 Незнакомые термины в начале работы	0	0	0	
9.4 Приходилось ли самому тестировать ПО	6	7	1	render2bit.md
9.5 Расскажи про свой опыт на собесе	0	1	0	
