card	N	D	bank_N	bank_D	drift	transcripts
1.1 Расскажи про себя	38	117	38	0	0220.md; 0420.md; 2026-03-10 16-59-22_water_1.md; 2026-03-12 15-29-38_water.md; @Maxione ом_оффер Магнит Омн и_water_2.md; @foreverrwednesday ом_оффер Digital Biz Factory_water.md; @go_surfer ом_оффер АМТЕХ (2)_water.md; @hardwork_engineer devops 300 отказ_water.md; APM Group_water.md; Backend.md; BrightPattern.md; ClearWay.md; Golang.Middle.amoCRM.md; IMG_7454.md; Lamoda ! Go! 400_water.md; Project_350к_WareVision_water.md; Tech-Compressed.md; cобес 1_water.md; interview_f6.md; record_water.md; sobes2_water.md; sobes_yadro_edited.md; t1 tex sobes.md; tbankgo_water.md; wb.md; АльфаБанк SA 280_water.md; АльфаБанк_SA_250_water_1.md; ЛадаЦифра_SA_240_water.md; СисАналитик_350к_Aston_water.md; Собес Гнивц_water-1.md; Собеседование Астра ОМ.md; Т_банк_Продуктовыи_аналитик_Техничка_water.md; ТТК-Связь.md; Яндекс.md; тех собес adcamp декабрь 2025_water.md; тех собес магнит ноябрь 2025_water.md; тех собес флант Golang backend 400_water.md; эрливидео техничка.md
1.2 Хронология опыта и компаний	12	117	12	0	0204.md; 2024-09-20 13-00-55_water.md; @hardwork_engineer devops 300 отказ_water.md; AQA-Python_300k_Ростелеком-ИТ_water_1.md; ozon_ts.md; record_water.md; t1_SystemAnalyst.md; wb_(0).md; АльфаБанк_SA_250_water_1.md; ЛадаЦифра_SA_240_water.md; Магнит Golang 460.md; Т_банк_Продуктовыи_аналитик_Техничка_water.md
1.3 Один проект за 2–3 минуты	9	117	9	0	2026-03-12 13-02-21.md; @hardwork_engineer devops 300 отказ_water.md; Employcity Тех.md; Lunar Rails Техничка_water.md; Project_350к_WareVision_water.md; Uzum_ProjectManager_300_water.md; ООО ШИФТ_water.md; Яндекс.md; тех собес магнит ноябрь 2025_water.md
1.4 Чем гордишься / достижения	11	117	11	0	ClearWay.md; Lamoda ! Go! 400_water.md; Tech-Compressed.md; Uzum_ProjectManager_300_water.md; sobes_yadro_edited.md; yandex_final_interview_team_2_main_part.md; АльфаБанк_SA_250_water_1.md; Гоуланг технологии.md; Озон SA 300_water.md; СисАналитик_350к_Aston_water.md; Собеседование Астра ОМ.md
2.1 Роль и зона ответственности	17	117	17	0	0420.md; @hardwork_engineer devops 300 отказ_water.md; AQA-Python_300k_Ростелеком-ИТ_water_1.md; IMG_6603.md; Project_350к_WareVision_water.md; Uzum_ProjectManager_300_water.md; VKTech_Golang_350_water.md; X5_Go_300_water_1.md; interview_f6.md; record_water.md; sobes_yadro_edited.md; wb.md; АльфаБанк_SA_250_water_1.md; ЛадаЦифра_SA_240_water.md; Собеседование Астра ОМ.md; тех собес флант Golang backend 400_water.md; ютека.md
2.2 Архитектура и стек проекта	49	117	49	0	0220.md; 0223.md; 0420.md; 0428 (1)_water.md; 2024-07-18 14-00-21.md; 2024-09-20 13-00-55_water.md; 2024-10-29 12-02-32_water.md; 2024_07_16_ASTON_тех_собес_online_audio_converter_mp3cut_net.md; 2026-03-12 13-02-21.md; 29-05-2025.md; @dubter ом_оффер Авито_water_2.md; @exbur ом_оффер betica_tech_water.md; @go_surfer ом_оффер АМТЕХ (2)_water.md; @toby3d ом_оффер Plata_water.md; APM Group_water.md; Golang.Middle.amoCRM.md; IMG_3600.md; IMG_6603.md; IMG_7454.md; Kalabi tech Interview Go.md; Lamoda ! Go! 400_water.md; Orion_soft_go.md; Project_350к_WareVision_water.md; STARTRIBELTD Go.md; Tech-Compressed.md; VKTech_Golang_350_water.md; X5_Go_300_water_1.md; alfa_go.md; cloud_ru.md; h264 middle.md; ozon_ts.md; record_water.md; sobes2_water.md; t1 tex sobes.md; t1_SystemAnalyst.md; wb_(0).md; yandex_final_interview_team_2_main_part.md; Гоуланг технологии.md; ЛадаЦифра_SA_240_water.md; МоторикаАудио_null_null__bpm_null.md; Производственныи_центр_2025_01_15_15_00_18_1_water.md; Сбербанк 250к отказ_water_2.md; СимберСофт.md; Собеседование Астра ОМ.md; ТБанк.md; ТТК-Связь.md; тех собес adcamp декабрь 2025_water.md; тех собес флант Golang backend 400_water.md; эрливидео техничка.md
2.3 Метрики и результат	4	117	4	0	Orion_soft_go.md; t1_SystemAnalyst.md; Озон SA 300_water.md; Собеседование Астра ОМ.md
2.4 Команда и процессы на проекте	47	117	47	0	0220.md; 2024-10-29 12-02-32_water.md; 2024_07_16_ASTON_тех_собес_online_audio_converter_mp3cut_net.md; 2025-04-02 16-57-44.md; @Maxione ом_оффер Магнит Омн и_water_2.md; @Take9a ом_оффер Сбербанк_water.md; @hardwork_engineer devops 300 отказ_water.md; @kuzmin_michel ом_оффер_water.md; @toby3d ом_оффер Plata_water.md; APM Group_water.md; AQA-Python_300k_Ростелеком-ИТ_water_1.md; Backend_(0).md; IMG_6603.md; IMG_7454.md; Lunar Rails Техничка_water.md; Orion_soft_go.md; Ozon.md; Project_350к_WareVision_water.md; Tech-Compressed.md; Uzum_ProjectManager_300_water.md; VKTech_Golang_350_water.md; X5_group_go.md; alfa_go.md; cобес 1_water.md; h264 middle.md; interview_f6.md; ozon_A01.md; record_water.md; sobes_yadro_edited.md; t1_SystemAnalyst.md; wb_(0).md; wildberries.md; АльфаБанк SA 280_water.md; АльфаБанк_SA_250_water_1.md; Гоуланг технологии.md; Ламода техсобес.md; Магнит Golang 460.md; МоторикаАудио_null_null__bpm_null.md; ООО ШИФТ_water.md; Озон SA 300_water.md; Производственныи_центр_2025_01_15_15_00_18_1_water.md; Сбербанк 250к отказ_water_2.md; Собес Aston 04.12.2024_water.md; Собес Гнивц_water-1.md; Собеседование Астра ОМ.md; Яндекс.md; ютека.md
2.5 On-call и инциденты	15	117	15	0	2024-10-29 12-02-32_water.md; 2026-03-12 15-29-38_water.md; @Maxione ом_оффер Магнит Омн и_water_2.md; AQA-Python_300k_Ростелеком-ИТ_water_1.md; Lamoda ! Go! 400_water.md; Lunar Rails Техничка_water.md; Tech-Compressed.md; VKTech_Golang_350_water.md; onelayer (2)_water_3.md; sobes_yadro_edited.md; wb_(0).md; wildberries.md; АльфаБанк_SA_250_water_1.md; Магнит Golang 460.md; ООО ШИФТ_water.md
2.6 Как искать проблему в работе системы	0	117	0	0	
6.1 Code review и agile как опыт	6	117	6	0	2024-10-29 12-02-32_water.md; 2024_07_16_ASTON_тех_собес_online_audio_converter_mp3cut_net.md; Employcity Тех.md; Lunar Rails Техничка_water.md; X5_group_go.md; wb_(0).md
6.2 Релизы и деплой	3	117	3	0	alfa_go.md; interview_f6.md; wb_(0).md
6.3 Менторство и onboarding	6	117	6	0	@Take9a ом_оффер Сбербанк_water.md; @foreverrwednesday ом_оффер Digital Biz Factory_water.md; BrightPattern.md; Orion_soft_go.md; cобес 1_water.md; Производственныи_центр_2025_01_15_15_00_18_1_water.md
6.4 Обратная связь: давать и принимать	0	117	0	0	
6.5 Отношение к неформальной лексике на работе	0	117	0	0	
6.6 Работа в мультинациональной команде	0	117	0	0	
3.1 Проверка стека из резюме	3	117	3	0	Project_350к_WareVision_water.md; АльфаБанк_SA_250_water_1.md; Магнит Golang 460.md
3.2 Углубление в формулировки CV	0	117	0	0	
3.3 Пробелы в резюме (Postgres, Kafka…)	0	117	0	0	
7.1 Вопросы про продукт	3	117	3	0	IMG_3600.md; alfa_go.md; onelayer (2)_water_3.md
7.2 Вопросы про команду	3	117	3	0	APM Group_water.md; IMG_6603.md; Project_350к_WareVision_water.md
7.3 Вопросы про процессы и рост	21	117	21	0	0220.md; 0420.md; 2024-10-29 12-02-32_water.md; 2026-03-10 16-59-22_water_1.md; 2026-03-12 15-29-38_water.md; @toby3d ом_оффер Plata_water.md; APM Group_water.md; BrightPattern.md; ClearWay.md; Golang.Middle.amoCRM.md; IMG_6603.md; IMG_7454.md; Uzum_ProjectManager_300_water.md; cобес 1_water.md; interview_f6.md; onelayer (2)_water_3.md; sobes_yadro_edited.md; Гоуланг технологии.md; Магнит Golang 460.md; СисАналитик_350к_Aston_water.md; Яндекс.md
8.1 Опыт с ClickHouse	2	117	2	0	@dubter ом_оффер Авито_water_2.md; @hardwork_engineer devops 300 отказ_water.md
8.2 Опыт с e-commerce	1	117	1	0	@exbur ом_оффер betica_tech_water.md
8.3 Опыт с Kubernetes (базовый деплой)	1	117	1	0	@go_surfer ом_оффер АМТЕХ (2)_water.md
8.4 Опыт с payment gateway / платёжными системами	3	117	3	0	0204.md; @exbur ом_оффер betica_tech_water.md; IMG_3600.md
8.5 Опыт с PostgreSQL (по резюме)	12	117	12	0	2024-09-20 13-00-55_water.md; @dubter ом_оффер Авито_water_2.md; APM Group_water.md; Backend_(0).md; ClearWay.md; Golang.Middle.amoCRM.md; Kalabi tech Interview Go.md; VKTech_Golang_350_water.md; X5_Go_300_water_1.md; indriver_go_water.md; СисАналитик_350к_Aston_water.md; Собеседование Lamoda 10.04.2025.md
8.6 Опыт с брокерами сообщений и Kafka	16	117	16	0	@go_surfer ом_оффер АМТЕХ (2)_water.md; @toby3d ом_оффер Plata_water.md; Backend_(0).md; Tech-Compressed.md; X5_Go_300_water_1.md; cобес 1_water.md; ozon_ts.md; t1 tex sobes.md; t1_SystemAnalyst.md; wb.md; АльфаБанк_SA_250_water_1.md; Гоуланг технологии.md; Сбербанк 250к отказ_water_2.md; СисАналитик_350к_Aston_water.md; Яндекс.md; эрливидео техничка.md
9.2 Незнакомые термины в начале работы	0	117	0	0	
9.4 Приходилось ли самому тестировать ПО	7	117	7	0	2024-09-20 13-00-55_water.md; Tech-Compressed.md; Uzum_ProjectManager_300_water.md; t1_SystemAnalyst.md; АльфаБанк_SA_250_water_1.md; Озон SA 300_water.md; Яндекс.md
9.5 Расскажи про свой опыт на собесе	1	117	1	0	BetCore_DataAnalyst_200_water.md
5.1 Почему Go	1	117	1	0	@go_surfer ом_оффер АМТЕХ (2)_water.md
5.2 Почему уходишь / смена работы	13	117	13	0	2024-09-20 13-00-55_water.md; 2026-03-10 16-59-22_water_1.md; @Take9a ом_оффер Сбербанк_water.md; Orion_soft_go.md; Project_350к_WareVision_water.md; АльфаБанк SA 280_water.md; АльфаБанк_SA_250_water_1.md; Магнит Golang 460.md; СисАналитик_350к_Aston_water.md; Собес Гнивц_water-1.md; тех собес adcamp декабрь 2025_water.md; тех собес магнит ноябрь 2025_water.md; эрливидео техничка.md
5.3 Ожидания от роли	5	117	5	0	2024-09-20 13-00-55_water.md; APM Group_water.md; VKTech_Golang_350_water.md; t1_SystemAnalyst.md; Магнит Golang 460.md
5.4 Что ищешь в проекте / компании	11	117	11	0	2026-03-12 13-02-21.md; Backend_(0).md; Project_350к_WareVision_water.md; VKTech_Golang_350_water.md; АльфаБанк_SA_250_water_1.md; Магнит Golang 460.md; Производственныи_центр_2025_01_15_15_00_18_1_water.md; Сбербанк 250к отказ_water_2.md; СисАналитик_350к_Aston_water.md; Собеседование Астра ОМ.md; эрливидео техничка.md
5.5 От чего получаешь удовольствие в работе	0	117	0	0	
5.6 Если бы не текущая профессия	0	117	0	0	
5.7 Источники обучения и новинок	9	117	9	0	2024-09-20 13-00-55_water.md; @kuzmin_michel ом_оффер_water.md; APM Group_water.md; BrightPattern.md; ClearWay.md; Мерлион (Сити Линк)_water_1.md; ТТК-Связь.md; тех собес adcamp декабрь 2025_water.md; ютека.md
5.8 Новые знания за последние полгода	0	117	0	0	
4.1 Конфликт в команде (STAR)	0	117	0	0	
4.2 Дедлайн и стресс (STAR)	11	117	11	0	2024-09-20 13-00-55_water.md; 2026-03-12 15-29-38_water.md; @go_surfer ом_оффер АМТЕХ (2)_water.md; BrightPattern.md; Lamoda ! Go! 400_water.md; Orion_soft_go.md; Озон SA 300_water.md; Сбербанк 250к отказ_water_2.md; СимберСофт.md; ТБанк.md; ютека.md
4.3 Ошибка в проде (STAR)	5	117	5	0	2026-03-12 13-02-21.md; @foreverrwednesday ом_оффер Digital Biz Factory_water.md; Backend_(0).md; Lamoda ! Go! 400_water.md; h264 middle.md
4.4 Несогласие с техрешением (STAR)	0	117	0	0	
4.5 Признаки человека, которому не нравится работа	0	117	0	0	
4.6 Нетипичное решение задачи	0	117	0	0	
4.7 Что бы изменил на текущем месте	0	117	0	0	
4.8 Неожиданные изменения на работе	0	117	0	0	
4.9 Инициатива вне своей зоны ответственности	0	117	0	0	
