№;Пункт;Блок работ;Декомпозиция до задач;Примечание;;;;;;;;;;;;;;;;;;;
;;Архитектура решения;;;;;;;;;;;;;;;;;;;;;
;1;Глоссарий;Скопировать используемые термины, убрать неиспользуемые;;;;;;;;;;;;;;;;;;;;
;1.1;Таблица терминов;1-5 штук. Можно скопировать;;;;;;;;;;;;;;;;;;;;
;1.2;Таблица сокращений;30-50 штук. Можно скопировать;;;;;;;;;;;;;;;;;;;;
;2;Функциональная архитектура;;Скопировать функциональную архитектуру, нарисовать диаграмму процесса, описать шаги;;;;;;;;;;;;;;;;;;;
;2.1;Функциональная архитектура инкремента / Решения;Копия функциональной архитектуры стрима из паспотра ;Если самому не рисовать;;;;;;;;;;;;;;;;;;;
;2.2;Технологическая карта;Шаги технологического процесса (таблица);;;;;;;;;;;;;;;;;;;;
;;;Шаги технологического процесса (диаграмма);;;;;;;;;;;;;;;;;;;;
;3;Информационная архитектура;;Составить список сущностей, категоризировать. Нарисовать диаграмму потоков данных;;;;;;;;;;;;;;;;;;;
;3.1;Бизнес данные;Список сущностей данных;перечислить;;;;;;;;;;;;;;;;;;;
;;;Таблица со списком сущностей;составить;;;;;;;;;;;;;;;;;;;
;3.2;Информационная модель;Потоки данных DFD;нарисовать диаграмму;;;;;;;;;;;;;;;;;;;
;;;Категории данных;;;;;;;;;;;;;;;;;;;;
;3.3;Логическая модель данных;;не заполнять;;;;;;;;;;;;;;;;;;;
;4;Архитектура модулей и компонентов;;фрагмент архитектуры (без обучения);;;;;;;;;;;;;;;;;;;
;4.1;Диаграмма модулей и компонентов;;архитектурная диаграмма ArchiMate - кто будет рисовать;;;;;;;;;;;;;;;;;;;
;4.2;Перечень модулей и компонентов, включая микросервисы;;;;;;;;;;;;;;;;;;;;;
;4.3;Перечень информационных потоков;;;;;;;;;;;;;;;;;;;;;
;4.4;Принятые ключевые архитектурные решения;;не заполнять;;;;;;;;;;;;;;;;;;;
;5;Техническая архитектура;;не заполнять;;;;;;;;;;;;;;;;;;;
;5.1;Сетевое взаимодействие;;Сетевая схема взаимодействия;;;;;;;;;;;;;;;;;;;
;;;;Таблица сетевого взаимодействия;;;;;;;;;;;;;;;;;;;
;5.2;Инфраструктурные сервисы;;не заполнять;;;;;;;;;;;;;;;;;;;
;5.2.1;Общие сетевые папки, файловые ресурсы;;не заполнять;;;;;;;;;;;;;;;;;;;
;5.2.2;Системы управления базами данных;;перечень субд;;;;;;;;;;;;;;;;;;;
;5.2.3;Средства сетевой балансировки;;не заполнять;;;;;;;;;;;;;;;;;;;
;5.2.4;служба днс;;не заполнять;;;;;;;;;;;;;;;;;;;
;5.2.5;Active directory;;не заполнять;;;;;;;;;;;;;;;;;;;
;5.2.6;Аппаратная часть;;не заполнять;;;;;;;;;;;;;;;;;;;
;5.2.6.1;Используемые серверы и их параметры;;Таблица аппаратно-программные характеристики виртуальных серверов контура ПРОД. Можно скопировать;;;;;;;;;;;;;;;;;;;
;;;;Таблица Аппаратно-программные характеристики физических серверов контура ПРОД;;;;;;;;;;;;;;;;;;;
;;;;Таблица Затронутые критичные сервисы;;;;;;;;;;;;;;;;;;;
;;;;Таблица Резервирование сервисов;;;;;;;;;;;;;;;;;;;
;;Платформа контейнеризации;;не заполнять;;;;;;;;;;;;;;;;;;;
;5.2.8;топики кафка;;Перечень топиков;;;;;;;;;;;;;;;;;;;
;5.3;Требования к ПО;;;;;;;;;;;;;;;;;;;;;
;;Системное и прикладное ПО;;скопировать;;;;;;;;;;;;;;;;;;;
;;Лицензирование ПО;;скопировать;;;;;;;;;;;;;;;;;;;
;;Программное обеспечение АРМ;;не заполнять;;;;;;;;;;;;;;;;;;;
;;Мониторинг;;не заполнять;;;;;;;;;;;;;;;;;;;
;;Средства журналирования;;скопировать;;;;;;;;;;;;;;;;;;;
;6;Средства разработки и тестирования;Описание всех непромышленных сред;не заполнять;;;;;;;;;;;;;;;;;;;
;6.1;Среда разработки;;;;;;;;;;;;;;;;;;;;;
;6.1.1;правила разработки;;;;;;;;;;;;;;;;;;;;;
;6.2;Среда СТ;;;;;;;;;;;;;;;;;;;;;
;6.3;Среда ИФТ;;;;;;;;;;;;;;;;;;;;;
;;;;Таблица Сетевое взаимодействие контура ИФТ;;;;;;;;;;;;;;;;;;;
;;;;Схема сетевого взаимодействия;;;;;;;;;;;;;;;;;;;
;;Инфраструктурные сервисы;;не заполнять;;;;;;;;;;;;;;;;;;;
;;СУБД;;скопировать;;;;;;;;;;;;;;;;;;;
;;Средства сетевой балансировки;;не заполнять;;;;;;;;;;;;;;;;;;;
;;Служба ДНС;;не заполнять;;;;;;;;;;;;;;;;;;;
;;AD;;не заполнять;;;;;;;;;;;;;;;;;;;
;;Аппаратная часть;;используемые серверы и их параметры таблица;;;;;;;;;;;;;;;;;;;
;;;;аппаратно программные характеристики физических серверов;;;;;;;;;;;;;;;;;;;
;;;;топики кафка;;;;;;;;;;;;;;;;;;;
;6.4;Среда НТ;;не заполнять;;;;;;;;;;;;;;;;;;;
;6.5;ПРЕПРОД;;;;;;;;;;;;;;;;;;;;;
;;;;Таблица Сетевое взаимодействие контура ИФТ;;;;;;;;;;;;;;;;;;;
;;;;Схема сетевого взаимодействия;;;;;;;;;;;;;;;;;;;
;;Инфраструктурные сервисы;;не заполнять;;;;;;;;;;;;;;;;;;;
;;СУБД;;скопировать;;;;;;;;;;;;;;;;;;;
;;Средства сетевой балансировки;;не заполнять;;;;;;;;;;;;;;;;;;;
;;Служба ДНС;;не заполнять;;;;;;;;;;;;;;;;;;;
;;AD;;не заполнять;;;;;;;;;;;;;;;;;;;
;;Аппаратная часть;;используемые серверы и их параметры таблица;;;;;;;;;;;;;;;;;;;
;;;;аппаратно программные характеристики физических серверов;;;;;;;;;;;;;;;;;;;
;;;;топики кафка;;;;;;;;;;;;;;;;;;;
;6.6;Хотфикс;;не заполнять;;;;;;;;;;;;;;;;;;;
;;Дополнительные непромышленные среды;;не заполнять;;;;;;;;;;;;;;;;;;;
;7;Решения по ИБ;;не заполнять;;;;;;;;;;;;;;;;;;;
;7.1;Перечень объектов защиты системы;;не заполнять;;;;;;;;;;;;;;;;;;;
;7.1.1;Аудит БД;;не заполнять;;;;;;;;;;;;;;;;;;;
;7.1.2;Аудит логов;;не заполнять;;;;;;;;;;;;;;;;;;;
;7.1.3;аудит исполнимых и конфиг файлов;;не заполнять;;;;;;;;;;;;;;;;;;;
;7.2;перечень и политика хранения журналов аудита;;не заполнять;;;;;;;;;;;;;;;;;;;
;7.3;реализованные защитные меры;;скопировать и адаптировать;;;;;;;;;;;;;;;;;;;
;;Реализация требований ИБ;;;;;;;;;;;;;;;;;;;;;
;7.3.1;Протоколирование событий;;не заполнять;;;;;;;;;;;;;;;;;;;
;7.3.2;Сертификаты SSL/TLS;;скопировать;;;;;;;;;;;;;;;;;;;
;7.4;Неправомерные подозрительные действия;;не заполнять;;;;;;;;;;;;;;;;;;;
;7.5;Чек- лист ИБ;;скопировать и адаптировать;;;;;;;;;;;;;;;;;;;
;8;Ролевая модель и права доступа;;скопировать;;;;;;;;;;;;;;;;;;;
;8.1;Назначение задачи;;;;;;;;;;;;;;;;;;;;;
;8.2;Подразделение - владелец задачи;;;;;;;;;;;;;;;;;;;;;
;8.3;Пользовательская ролевая структура;;;;;;;;;;;;;;;;;;;;;
;8.3.1;Роли и совмещения;;;;;;;;;;;;;;;;;;;;;
;8.3.2;Необходимость создания в реестре задач справочника (списка) дополнительных ограничений прав доступа;;;;;;;;;;;;;;;;;;;;;
;8.3.3;"Необходимость отображения текстового поля ""Ограничения прав доступа"" в реестре задач";;;;;;;;;;;;;;;;;;;;;
;8.3.4;"Необходимость установки свойства ""Выбор только одной роли"" в Реестре задач";;;;;;;;;;;;;;;;;;;;;
;8.3.5;Предусмотреть возможность оформления;;;;;;;;;;;;;;;;;;;;;
;8.3.6;Другие ограничения эксплуатации прикладного ПО;;;;;;;;;;;;;;;;;;;;;
;8.4;Автоматическое согласование на стадии;;;;;;;;;;;;;;;;;;;;;
;8.5;Техническая реализация ролевой модели;;;;;;;;;;;;;;;;;;;;;
;8.6;Технологические учетные записи и доменные группы;;;;;;;;;;;;;;;;;;;;;
;9;Чек-лист УБОРБ;;;;;;;;;;;;;;;;;;;;;
;10;Библиотека API;;;;;;;;;;;;;;;;;;;;;
;;;;;;;;;;;;;;;;;;;;;;;
;;Требования к решению;;;;;;;;;;;;;;;;;;;;;
;1;Глоссарий;;Скопировать используемые термины, убрать неиспользуемые;;;;;;;;;;;;;;;;;;;
;;;Таблица терминов;1-5 штук. Можно скопировать;;;;;;;;;;;;;;;;;;;
;;;Таблица сокращений;30-50 штук. Можно скопировать;;;;;;;;;;;;;;;;;;;
;2;Описание;;;;;;;;;;;;;;;;;;;;;
;2.1;Бизнес-цели;;Сформулировать бизнес-цели;;;;;;;;;;;;;;;;;;;
;2.2;Критерии успеха;;Сформулировать критерии успеха;;;;;;;;;;;;;;;;;;;
;3;Функциональные требования;;;;;;;;;;;;;;;;;;;;;
;3.1;Описание процессов /функций;BPMN;доработать и переиспользовать АР;;;;;;;;;;;;;;;;;;;
;;;Функциональные требования;;;;;;;;;;;;;;;;;;;;
;;;описания процесса;;;;;;;;;;;;;;;;;;;;
;;;Описать формат передаваемых данных;;;;;;;;;;;;;;;;;;;;
;;;Описать интеграцию с Quik;;;;;;;;;;;;;;;;;;;;
;;;Маппинг на текущую таблицу;;;;;;;;;;;;;;;;;;;;
;;;Описать интеграцию с OLB;;;;;;;;;;;;;;;;;;;;
;3.2;Описание клиентских путей;;не заполнять;;;;;;;;;;;;;;;;;;;
;3.3;Прототипы пользовательских интерфейсов;;не заполнять;;;;;;;;;;;;;;;;;;;
;3.4;Требования к отчетности;;не заполнять;;;;;;;;;;;;;;;;;;;
;3.5;Маппинг бизнес-терминов на объекты бизнес-глоссария банка;;не заполнять;;;;;;;;;;;;;;;;;;;
;3.6;Требования к мониторингу;;;;;;;;;;;;;;;;;;;;;
;3.7;Требования к журналированию;;;;;;;;;;;;;;;;;;;;;
Созх;4;Нефункциональные требования;;;;;;;;;;;;;;;;;;;;;
;4.1;Требования к производительности;;;;;;;;;;;;;;;;;;;;;
;4.2;Требования к нагрузке;;Посчитать показатели нагрузки;;;;;;;;;;;;;;;;;;;
;;;;Заполнить таблицу с прогнозом нагрузки;;;;;;;;;;;;;;;;;;;
;4.3;Требования доступности и надежности;;Скопировать;;;;;;;;;;;;;;;;;;;
;4.4;Регламенты и стандарты;;Скопировать;;;;;;;;;;;;;;;;;;;
;4.5;Требования к качеству данных;;не заполнять;;;;;;;;;;;;;;;;;;;
;4.6;Прочие нефункциональные требования;;не заполнять;;;;;;;;;;;;;;;;;;;
;5;Требования к ИБ;;Скопировать чек-лист, заполнить;;;;;;;;;;;;;;;;;;;
;5.1;Перечень требований ИБ;;;;;;;;;;;;;;;;;;;;;
;;;;;;;;;;;;;;;;;;;;;;;
;6;Чек-лист УАРО;;Скопировать чек-лист, заполнить;;;;;;;;;;;;;;;;;;;
;7;Чек-лист безбумажного банка;;Скопировать чек-лист, заполнить;;;;;;;;;;;;;;;;;;;
;8;Чек-лист ДККФМ;;Скопировать чек-лист, заполнить;;;;;;;;;;;;;;;;;;;
;9;Чек-лист обработки перс. Данных;;Скопировать чек-лист, заполнить;;;;;;;;;;;;;;;;;;;
;;;;;;;;;;;;;;;;;;;;;;;
;;;Одна ТУЗ для одной интеграции. Нужно завести ТУЗ;;;;;;;;;;;;;;;;;;;;
